-- File generato automaticamente da generate_sample_data.py
-- Data generazione: 2025-05-31 20:09:07

SET FOREIGN_KEY_CHECKS = 0;

-- Dati generati per la tabella ristorante
INSERT INTO `ristorante` (`nome`, `numero_tavoli`, `costo_coperto`) VALUES
('La Dolce Vita', 15, 2.5);

-- Dati generati per la tabella tavolo
INSERT INTO `tavolo` (`max_posti`, `stato`, `id_ristorante`) VALUES
(4, 'libero', 1),
(6, 'libero', 1),
(2, 'libero', 1),
(4, 'libero', 1),
(2, 'libero', 1),
(6, 'libero', 1),
(6, 'libero', 1),
(2, 'libero', 1),
(6, 'libero', 1),
(8, 'libero', 1),
(6, 'libero', 1),
(4, 'libero', 1),
(4, 'libero', 1),
(4, 'libero', 1),
(4, 'libero', 1);

-- Dati generati per la tabella ingrediente
INSERT INTO `ingrediente` (`nome`, `quantita_disponibile`, `unita_misura`, `soglia_riordino`) VALUES
('Pomodoro', 50.0, 'kg', 10.0),
('Farina', 30.0, 'kg', 5.0),
('Sale', 5.0, 'kg', 1.0),
('Olio d oliva', 10.0, 'litri', 2.0),
('Aglio', 3.0, 'kg', 0.5),
('Basilico', 20.0, 'mazzetti', 5.0),
('Mozzarella', 15.0, 'kg', 3.0),
('Parmigiano', 10.0, 'kg', 2.0),
('Pecorino', 8.0, 'kg', 1.5),
('Guanciale', 5.0, 'kg', 1.0),
('Pancetta', 5.0, 'kg', 1.0),
('Uova', 100.0, 'unita', 20.0),
('Pepe nero', 2.0, 'kg', 0.3),
('Peperoncino', 1.0, 'kg', 0.2),
('Funghi porcini', 8.0, 'kg', 1.5),
('Riso Carnaroli', 15.0, 'kg', 3.0),
('Pasta all uovo', 10.0, 'kg', 2.0),
('Pasta di semola', 20.0, 'kg', 4.0),
('Carne macinata', 15.0, 'kg', 3.0),
('Sedano', 5.0, 'kg', 1.0),
('Carote', 8.0, 'kg', 1.5),
('Cipolla', 10.0, 'kg', 2.0),
('Vino bianco', 15.0, 'litri', 3.0),
('Vino rosso', 15.0, 'litri', 3.0),
('Burro', 5.0, 'kg', 1.0),
('Latte', 10.0, 'litri', 2.0),
('Panna', 5.0, 'litri', 1.0),
('Zucchero', 8.0, 'kg', 1.5),
('Mascarpone', 5.0, 'kg', 1.0),
('Caffe', 3.0, 'kg', 0.5),
('Filetto di manzo', 10.0, 'kg', 2.0),
('Bistecca', 15.0, 'kg', 3.0),
('Branzino', 8.0, 'kg', 1.5),
('Calamari', 7.0, 'kg', 1.2),
('Gamberi', 6.0, 'kg', 1.0),
('Melanzane', 12.0, 'kg', 2.5),
('Zucchine', 12.0, 'kg', 2.5),
('Patate', 25.0, 'kg', 5.0),
('Insalata', 10.0, 'kg', 2.0),
('Pomodorini', 10.0, 'kg', 2.0),
('Rucola', 5.0, 'kg', 1.0),
('Peperoni', 10.0, 'kg', 2.0),
('Fagiolini', 8.0, 'kg', 1.5),
('Cavolfiore', 6.0, 'kg', 1.0),
('Broccoli', 6.0, 'kg', 1.0),
('Carciofi', 5.0, 'kg', 1.0),
('Frutta di stagione', 20.0, 'kg', 4.0),
('Gelato', 10.0, 'kg', 2.0),
('Cioccolato', 5.0, 'kg', 1.0),
('Noci', 3.0, 'kg', 0.5),
('Mandorle', 3.0, 'kg', 0.5),
('Pistacchi', 3.0, 'kg', 0.5),
('Vaniglia', 1.0, 'kg', 0.2),
('Limoni', 10.0, 'kg', 2.0),
('Arance', 10.0, 'kg', 2.0),
('Cozze', 8.0, 'kg', 1.5),
('Vongole', 8.0, 'kg', 1.5),
('Sgombro', 6.0, 'kg', 1.0),
('Tonno fresco', 7.0, 'kg', 1.2),
('Salmone', 7.0, 'kg', 1.2),
('Pollo', 15.0, 'kg', 3.0),
('Coniglio', 10.0, 'kg', 2.0),
('Stinco di maiale', 12.0, 'kg', 2.5),
('Salsiccia', 10.0, 'kg', 2.0),
('Rum', 5.0, 'litri', 1.0),
('Friarielli', 8.0, 'kg', 1.5),
('Olive', 5.0, 'kg', 1.0),
('Pinoli', 2.0, 'kg', 0.5);

-- Dati generati per la tabella categoria_pietanza
INSERT INTO `categoria_pietanza` (`nome`) VALUES
('Antipasti'),
('Primi'),
('Secondi'),
('Contorni'),
('Insalate'),
('Dolci'),
('Bevande');

-- Dati generati per la tabella pietanza
INSERT INTO `pietanza` (`nome`, `prezzo`, `id_categoria`, `disponibile`) VALUES
('Bruschetta pomodoro e basilico', 8.56, 1, 1),
('Carpaccio di manzo', 10.71, 1, 1),
('Antipasto misto', 10.13, 1, 1),
('Insalata caprese', 7.73, 1, 1),
('Crostini ai funghi', 8.08, 1, 1),
('Affettati misti', 6.24, 1, 1),
('Olive all ascolana', 10.33, 1, 1),
('Insalata di mare', 6.63, 1, 1),
('Parmigiana di melanzane', 6.17, 1, 1),
('Burrata con pomodorini', 11.88, 1, 1),
('Spaghetti alla carbonara', 12.47, 2, 1),
('Risotto ai funghi porcini', 13.16, 2, 1),
('Lasagne alla bolognese', 12.99, 2, 1),
('Tagliatelle al ragu', 11.5, 2, 1),
('Penne all arrabbiata', 9.09, 2, 1),
('Ravioli ricotta e spinaci', 12.86, 2, 1),
('Linguine allo scoglio', 9.56, 2, 1),
('Gnocchi al pesto', 9.36, 2, 1),
('Orecchiette alle cime di rapa', 11.98, 2, 1),
('Bucatini all amatriciana', 10.93, 2, 1),
('Fettuccine Alfredo', 13.69, 2, 1),
('Spaghetti aglio e olio', 11.4, 2, 1),
('Tagliata di manzo', 15.04, 3, 1),
('Scaloppine al limone', 14.29, 3, 1),
('Filetto di branzino', 18.8, 3, 1),
('Cotoletta alla milanese', 19.64, 3, 1),
('Baccala alla vicentina', 20.0, 3, 1),
('Bistecca fiorentina', 15.72, 3, 1),
('Polpo alla griglia', 20.9, 3, 1),
('Arrosto di vitello', 18.03, 3, 1),
('Ossobuco alla milanese', 15.01, 3, 1),
('Salsiccia e friarielli', 18.56, 3, 1),
('Frittura di pesce', 19.24, 3, 1),
('Spezzatino di manzo', 17.15, 3, 1),
('Patate al forno', 6.86, 4, 1),
('Insalata mista', 5.2, 4, 1),
('Verdure grigliate', 5.56, 4, 1),
('Friarielli', 4.83, 4, 1),
('Funghi trifolati', 5.28, 4, 1),
('Melanzane a funghetto', 4.94, 4, 1),
('Patatine fritte', 4.26, 4, 1),
('Pure di patate', 6.94, 4, 1),
('Carciofi alla romana', 4.02, 4, 1),
('Tiramisu', 5.21, 6, 1),
('Panna cotta', 5.58, 6, 1),
('Cannolo siciliano', 5.97, 6, 1),
('Baba al rum', 6.84, 6, 1),
('Sfogliatella', 7.61, 6, 1),
('Profiteroles', 7.3, 6, 1),
('Crostata di frutta', 6.04, 6, 1),
('Torta al cioccolato', 6.24, 6, 1),
('Acqua naturale', 3.35, 7, 1),
('Acqua frizzante', 4.24, 7, 1),
('Coca Cola', 4.62, 7, 1),
('Aranciata', 4.25, 7, 1),
('Vino rosso della casa', 4.75, 7, 1),
('Vino bianco della casa', 3.25, 7, 1),
('Birra alla spina', 2.8, 7, 1),
('Sprite', 4.88, 7, 1),
('Caffe', 4.59, 7, 1),
('Amaro', 2.84, 7, 1),
('Limoncello', 4.84, 7, 1),
('Grappa', 3.06, 7, 1),
('Prosecco', 4.76, 7, 1),
('Vino rosato della casa', 4.46, 7, 1);

-- Dati generati per la tabella menu
INSERT INTO `menu` (`id_ristorante`, `id_pietanza`) VALUES
(1, 1),
(1, 2),
(1, 3),
(1, 4),
(1, 5),
(1, 6),
(1, 7),
(1, 8),
(1, 9),
(1, 10),
(1, 11),
(1, 12),
(1, 13),
(1, 14),
(1, 15),
(1, 16),
(1, 17),
(1, 18),
(1, 19),
(1, 20),
(1, 21),
(1, 22),
(1, 23),
(1, 24),
(1, 25),
(1, 26),
(1, 27),
(1, 28),
(1, 29),
(1, 30),
(1, 31),
(1, 32),
(1, 33),
(1, 34),
(1, 35),
(1, 36),
(1, 37),
(1, 38),
(1, 39),
(1, 40),
(1, 41),
(1, 42),
(1, 43),
(1, 44),
(1, 45),
(1, 46),
(1, 47),
(1, 48),
(1, 49),
(1, 50),
(1, 51),
(1, 52),
(1, 53),
(1, 54),
(1, 55),
(1, 56),
(1, 57),
(1, 58),
(1, 59),
(1, 60),
(1, 61),
(1, 62),
(1, 63),
(1, 64),
(1, 65);

-- Dati generati per la tabella ricetta
INSERT INTO `ricetta` (`nome`, `descrizione`, `id_pietanza`, `tempo_preparazione`, `istruzioni`) VALUES
('Bruschetta pomodoro e basilico', 'Fette di pane casereccio tostate e condite con pomodoro fresco, basilico e olio d oliva', 1, 10, 'Tagliare il pane a fette, tostarlo, strofinare con aglio, condire con pomodoro fresco a cubetti, basilico, sale e olio extravergine d oliva.'),
('Antipasto misto', 'Selezione di salumi e formaggi italiani con sottoli', 2, 15, 'Disporre su un tagliere i vari affettati, formaggi e verdure sott olio in modo armonioso.'),
('Crostini ai funghi', 'Crostini di pane con crema di funghi porcini', 3, 20, 'Tostare fette di pane, saltare i funghi in padella con aglio e prezzemolo, disporre sui crostini.'),
('Affettati misti', 'Selezione di affettati tipici italiani', 4, 10, 'Affettare e disporre su un tagliere vari tipi di salumi italiani, guarnire con olive e grissini.'),
('Olive all ascolana', 'Olive ripiene di carne e fritte', 5, 45, 'Denocciolate le olive, preparare un ripieno con carni miste, riempire le olive, impanarle e friggerle.'),
('Burrata con pomodorini', 'Burrata fresca servita con pomodorini e basilico', 6, 5, 'Disporre la burrata al centro del piatto, contornare con pomodorini tagliati a meta, condire con sale, pepe, basilico e olio.'),
('Carpaccio di manzo', 'Fettine sottilissime di manzo crudo condite con rucola, scaglie di grana e olio', 7, 15, 'Affettare finemente il filetto di manzo, disporlo sul piatto, condire con sale, pepe, succo di limone, olio, rucola e scaglie di parmigiano.'),
('Insalata caprese', 'Mozzarella e pomodoro conditi con basilico e olio extravergine d oliva', 8, 5, 'Tagliare a fette pomodoro e mozzarella, alternarle sul piatto, condire con basilico, sale e olio extravergine d oliva.'),
('Parmigiana di melanzane', 'Melanzane fritte a strati con pomodoro, mozzarella e parmigiano', 9, 60, 'Tagliare le melanzane a fette, friggerle, preparare un sugo di pomodoro, alternare strati di melanzane, sugo, mozzarella e parmigiano, infornare.'),
('Insalata di mare', 'Mix di frutti di mare conditi con olio, limone e prezzemolo', 10, 30, 'Lessare i frutti di mare, sgusciarli, condire con olio extravergine, limone, prezzemolo e un pizzico di pepe.'),
('Spaghetti alla carbonara', 'Ricetta tradizionale romana', 11, 20, 'Cuocere la pasta, preparare il condimento con uova, pecorino, guanciale e pepe nero.'),
('Risotto ai funghi porcini', 'Ricetta cremosa con funghi porcini', 12, 25, 'Tostare il riso, sfumare con vino bianco, aggiungere i funghi e il brodo caldo poco alla volta.'),
('Lasagne alla bolognese', 'Classico primo piatto della tradizione', 13, 90, 'Preparare ragu, besciamella, assemblare gli strati e cuocere in forno.'),
('Tagliatelle al ragu', 'Pasta all uovo condita con ragu di carne', 14, 60, 'Preparare il soffritto, rosolare la carne macinata, aggiungere pomodoro e cuocere lentamente per circa 2 ore. Condire la pasta cotta al dente.'),
('Penne all arrabbiata', 'Pasta con salsa di pomodoro piccante', 15, 20, 'Soffriggere aglio e peperoncino, aggiungere pomodoro e cuocere per 15 minuti. Condire la pasta con la salsa e prezzemolo fresco.'),
('Ravioli ricotta e spinaci', 'Pasta ripiena fatta in casa con ricotta e spinaci', 16, 60, 'Preparare la pasta all uovo, il ripieno con ricotta e spinaci, assemblare i ravioli e cuocerli in acqua bollente. Condire con burro fuso e salvia.'),
('Gnocchi al pesto', 'Gnocchi di patate con salsa al basilico', 17, 45, 'Preparare gli gnocchi con patate e farina, cuocerli in acqua bollente e condirli con pesto fresco fatto con basilico, pinoli, parmigiano, aglio e olio.'),
('Orecchiette alle cime di rapa', 'Pasta tipica pugliese con cime di rapa', 18, 30, 'Cuocere le cime di rapa in acqua, aggiungere la pasta a meta cottura, scolare e saltare in padella con aglio, olio e peperoncino.'),
('Bucatini all amatriciana', 'Pasta con sugo di pomodoro e guanciale', 19, 25, 'Rosolare il guanciale tagliato a listarelle, aggiungere la salsa di pomodoro, cuocere per 15 minuti, condire la pasta e servire con pecorino grattugiato.'),
('Fettuccine Alfredo', 'Pasta all uovo condita con burro e parmigiano', 20, 15, 'Cuocere la pasta, scolarla, mantecarla con burro e parmigiano fino a ottenere una crema liscia e vellutata.'),
('Spaghetti aglio e olio', 'Piatto semplice ma gustoso della tradizione', 21, 15, 'Soffriggere l aglio tritato in abbondante olio, eventualmente aggiungere peperoncino, condire la pasta scolata al dente.'),
('Linguine allo scoglio', 'Pasta con frutti di mare e pomodorini', 22, 30, 'Rosolare aglio in olio, aggiungere i frutti di mare, sfumare con vino bianco, aggiungere pomodorini e prezzemolo, unire la pasta cotta al dente.'),
('Pasta alla norma', 'Ricetta siciliana con melanzane e ricotta salata', 23, 35, 'Friggere le melanzane a cubetti, preparare un sugo di pomodoro, unire alla pasta scolata al dente e completare con ricotta salata grattugiata.'),
('Tagliata di manzo', 'Carne pregiata servita su letto di rucola', 24, 15, 'Cuocere la carne sulla griglia, condire con sale, pepe e un filo d olio.'),
('Filetto di branzino', 'Pesce fresco al forno con erbe', 25, 25, 'Pulire il pesce, condirlo con erbe aromatiche, cuocere al forno.'),
('Cotoletta alla milanese', 'Costoletta di vitello impanata e fritta', 26, 20, 'Battere la carne, passarla nell uovo sbattuto e nel pangrattato, friggere in abbondante burro chiarificato.'),
('Pollo alla cacciatora', 'Pollo in umido con pomodoro, vino e olive', 27, 45, 'Rosolare il pollo, aggiungere cipolla, sedano, carote, sfumare con vino, aggiungere pomodoro e olive, cuocere lentamente.'),
('Scaloppine al limone', 'Fettine di vitello cotte con succo di limone', 28, 20, 'Infarinare le fettine di carne, rosolarle nel burro, sfumare con vino bianco, aggiungere succo di limone e cuocere brevemente.'),
('Bistecca fiorentina', 'Bistecca di manzo alta e con l osso, tipica toscana', 29, 30, 'Portare la carne a temperatura ambiente, cuocerla sulla griglia a fuoco vivo per pochi minuti per lato, salare a fine cottura.'),
('Polpo alla griglia', 'Tentacoli di polpo grigliati e conditi', 30, 60, 'Lessare il polpo in acqua con alloro per circa 40 minuti, tagliare i tentacoli e grigliarli, condire con olio, limone e prezzemolo.'),
('Arrosto di vitello', 'Arrosto di vitello con patate e verdure', 31, 90, 'Rosolare la carne su tutti i lati, aggiungere le verdure, sfumare con vino bianco, cuocere in forno a 180°C per circa un ora.'),
('Ossobuco alla milanese', 'Ossobuco di vitello con risotto allo zafferano', 32, 120, 'Infarinare gli ossibuchi, rosolarli in burro e olio, sfumare con vino bianco, aggiungere brodo e cuocere a fuoco basso per circa 2 ore.'),
('Salsiccia e friarielli', 'Piatto tipico napoletano con salsicce e friarielli saltati', 33, 40, 'Cuocere le salsicce in padella, a parte saltare i friarielli con aglio, olio e peperoncino, unire e servire.'),
('Spezzatino di manzo', 'Bocconcini di manzo cotti lentamente con verdure', 34, 120, 'Rosolare la carne a cubetti, aggiungere le verdure tritate, sfumare con vino rosso, aggiungere brodo e cuocere a fuoco basso per circa 2 ore.'),
('Frittura di pesce', 'Mix di pesce e frutti di mare fritti in pastella', 35, 25, 'Preparare una pastella con farina, acqua e un pizzico di sale, immergere i pezzi di pesce e frutti di mare, friggere in olio bollente.'),
('Patate al forno', 'Patate croccanti con rosmarino', 36, 40, 'Tagliare le patate a spicchi, condire con sale, rosmarino e olio, cuocere in forno a 200°C per circa 35-40 minuti.'),
('Verdure grigliate', 'Mix di verdure di stagione alla griglia', 37, 20, 'Tagliare le verdure a fette, spennellarle con olio, grigliarle su entrambi i lati, condire con sale e olio a crudo.'),
('Insalata mista', 'Mix di insalata fresca con pomodorini e carote', 38, 10, 'Lavare e tagliare l insalata, aggiungere pomodorini tagliati a meta e carote a julienne, condire con sale, olio e aceto balsamico.'),
('Funghi trifolati', 'Funghi saltati con aglio, prezzemolo e vino bianco', 39, 20, 'Pulire i funghi, rosolare l aglio in olio, aggiungere i funghi, sfumare con vino bianco, completare con prezzemolo tritato.'),
('Patatine fritte', 'Patate tagliate a bastoncino e fritte', 40, 15, 'Tagliare le patate a bastoncino, asciugarle bene, friggere in olio bollente fino a doratura, scolare e salare.'),
('Friarielli', 'Cime di rapa saltate in padella', 41, 20, 'Pulire i friarielli, sbollentarli brevemente, saltarli in padella con aglio, olio e peperoncino.'),
('Melanzane a funghetto', 'Melanzane tagliate a cubetti e saltate in padella', 42, 25, 'Tagliare le melanzane a cubetti, friggerle leggermente, scolarle e saltarle in padella con pomodorini, aglio e basilico.'),
('Pure di patate', 'Crema di patate con latte e burro', 43, 30, 'Lessare le patate, passarle, aggiungere latte caldo, burro, sale, pepe e noce moscata.'),
('Carciofi alla romana', 'Carciofi ripieni di erbe aromatiche', 44, 40, 'Pulire i carciofi, riempire con un trito di aglio, prezzemolo, menta e pangrattato, cuocere in padella con acqua e olio.'),
('Tiramisu', 'Dolce al cucchiaio con mascarpone, uova e caffe', 45, 30, 'Montare tuorli con zucchero, unire mascarpone, incorporare albumi montati a neve, alternare strati di crema e savoiardi inzuppati nel caffe, spolverare con cacao.'),
('Panna cotta', 'Dolce a base di panna, latte e gelatina', 46, 20, 'Scaldare panna e latte con zucchero e vaniglia, aggiungere gelatina ammorbidita, versare negli stampi e far raffreddare in frigo.'),
('Torta di mele', 'Torta soffice con mele e cannella', 47, 60, 'Preparare un impasto con uova, zucchero, farina, burro, lievito, aggiungere le mele a fette, spolverare con cannella e zucchero, cuocere in forno.'),
('Gelato artigianale', 'Gelato fatto in casa in vari gusti', 48, 180, 'Preparare una crema base con latte, panna, tuorli d uovo e zucchero, aromatizzare secondo il gusto desiderato, raffreddare e mantecare in gelatiera.'),
('Cheesecake', 'Torta fredda a base di formaggio e biscotti', 49, 240, 'Preparare una base di biscotti sbriciolati e burro, per la farcia mescolare formaggio, zucchero, panna e uova, versare sulla base e cuocere in forno, raffreddare in frigo.'),
('Cannolo siciliano', 'Dolce tipico siciliano con croccante cialda e ripieno di ricotta', 50, 60, 'Preparare la cialda con farina, zucchero, vino e strutto, formare i cannoli e friggerli. Lavorare la ricotta con zucchero, canditi e cioccolato, riempire i cannoli.'),
('Baba al rum', 'Soffice dolce lievitato imbevuto di sciroppo al rum', 51, 180, 'Preparare un impasto con farina, lievito, burro e uova, farlo lievitare, cuocerlo negli appositi stampi e inzupparlo nel sciroppo al rum.'),
('Sfogliatella', 'Dolce napoletano di pasta sfoglia ripieno di ricotta e canditi', 52, 120, 'Preparare la sfoglia, il ripieno con ricotta, semolino, canditi e aromi, assemblare le sfogliatelle e cuocere in forno.'),
('Profiteroles', 'Bigne ripieni di panna e ricoperti di cioccolato', 53, 60, 'Preparare la pasta choux, formare i bigne, cuocerli in forno, farcirli con crema o panna e coprirli con cioccolato fuso.'),
('Crostata di frutta', 'Base di pasta frolla con crema e frutta fresca', 54, 60, 'Preparare e cuocere la pasta frolla, stendere uno strato di crema pasticcera, decorare con frutta fresca di stagione e lucidare con gelatina.'),
('Torta al cioccolato', 'Soffice torta al cioccolato fondente', 55, 50, 'Fondere il cioccolato con il burro, unire zucchero e uova, aggiungere la farina e cuocere in forno a 180°C per 30-35 minuti.');

-- Dati generati per la tabella ricetta_ingrediente
INSERT INTO `ricetta_ingrediente` (`id_ricetta`, `id_ingrediente`, `quantita`) VALUES
(1, 1, 0.1),
(1, 4, 0.02),
(1, 5, 0.005),
(1, 6, 0.01),
(2, 10, 0.05),
(2, 11, 0.05),
(2, 7, 0.05),
(2, 8, 0.03),
(2, 46, 0.05),
(3, 2, 0.05),
(3, 15, 0.15),
(3, 5, 0.01),
(3, 4, 0.03),
(3, 3, 0.002),
(4, 10, 0.08),
(4, 11, 0.08),
(4, 46, 0.03),
(5, 46, 0.2),
(5, 19, 0.1),
(5, 12, 2),
(5, 2, 0.1),
(5, 4, 0.1),
(6, 7, 0.15),
(6, 40, 0.1),
(6, 6, 0.01),
(6, 4, 0.02),
(6, 3, 0.002),
(7, 31, 0.08),
(7, 4, 0.01),
(7, 8, 0.02),
(7, 41, 0.01),
(7, 13, 0.001),
(7, 54, 0.01),
(8, 1, 0.15),
(8, 7, 0.1),
(8, 6, 0.01),
(8, 4, 0.02),
(8, 3, 0.002),
(9, 36, 0.5),
(9, 1, 0.2),
(9, 7, 0.15),
(9, 8, 0.05),
(9, 4, 0.1),
(10, 35, 0.1),
(10, 34, 0.1),
(10, 56, 0.1),
(10, 57, 0.1),
(10, 4, 0.02),
(10, 54, 0.01),
(10, 13, 0.001),
(11, 18, 0.1),
(11, 11, 0.05),
(11, 12, 2),
(11, 9, 0.03),
(11, 13, 0.005),
(12, 17, 0.08),
(12, 15, 0.1),
(12, 23, 0.05),
(12, 8, 0.03),
(12, 25, 0.02),
(13, 17, 0.5),
(13, 19, 0.3),
(13, 1, 0.2),
(13, 8, 0.1),
(13, 26, 0.2),
(13, 25, 0.05),
(14, 17, 0.1),
(14, 19, 0.15),
(14, 1, 0.15),
(14, 20, 0.03),
(14, 21, 0.03),
(14, 22, 0.03),
(14, 24, 0.05),
(15, 18, 0.1),
(15, 1, 0.2),
(15, 5, 0.01),
(15, 14, 0.005),
(15, 4, 0.03),
(16, 17, 0.2),
(16, 12, 2),
(16, 7, 0.2),
(16, 42, 0.15),
(16, 25, 0.05),
(16, 3, 0.005),
(17, 38, 0.5),
(17, 2, 0.1),
(17, 6, 0.1),
(17, 8, 0.05),
(17, 5, 0.005),
(17, 51, 0.03),
(17, 4, 0.1),
(18, 18, 0.1),
(18, 43, 0.3),
(18, 5, 0.01),
(18, 14, 0.002),
(18, 4, 0.04),
(19, 18, 0.1),
(19, 10, 0.08),
(19, 1, 0.2),
(19, 9, 0.04),
(19, 14, 0.001),
(20, 17, 0.1),
(20, 25, 0.1),
(20, 8, 0.1),
(20, 3, 0.002),
(20, 13, 0.001),
(21, 18, 0.1),
(21, 5, 0.03),
(21, 4, 0.05),
(21, 14, 0.001),
(21, 3, 0.002),
(22, 18, 0.1),
(22, 5, 0.01),
(22, 4, 0.03),
(22, 23, 0.05),
(22, 40, 0.1),
(22, 56, 0.1),
(22, 57, 0.1),
(23, 18, 0.1),
(23, 1, 0.15),
(23, 36, 0.2),
(23, 4, 0.03),
(23, 5, 0.005),
(24, 31, 0.2),
(24, 4, 0.01),
(24, 13, 0.002),
(24, 41, 0.02),
(25, 33, 0.25),
(25, 4, 0.02),
(25, 23, 0.05),
(26, 32, 0.2),
(26, 12, 1),
(26, 2, 0.05),
(26, 25, 0.05),
(27, 60, 0.3),
(27, 1, 0.1),
(27, 22, 0.05),
(27, 20, 0.03),
(27, 21, 0.03),
(27, 24, 0.05),
(28, 31, 0.2),
(28, 2, 0.03),
(28, 25, 0.03),
(28, 23, 0.05),
(28, 54, 0.1),
(29, 32, 0.5),
(29, 3, 0.01),
(29, 4, 0.02),
(29, 13, 0.002),
(30, 34, 0.3),
(30, 4, 0.03),
(30, 54, 0.05),
(30, 3, 0.003),
(31, 32, 0.5),
(31, 38, 0.2),
(31, 21, 0.1),
(31, 22, 0.1),
(31, 20, 0.1),
(31, 23, 0.1),
(31, 4, 0.05),
(31, 3, 0.005),
(32, 32, 0.4),
(32, 2, 0.05),
(32, 25, 0.03),
(32, 4, 0.02),
(32, 23, 0.1),
(32, 22, 0.05),
(32, 21, 0.05),
(32, 20, 0.05),
(33, 61, 0.3),
(33, 43, 0.3),
(33, 5, 0.02),
(33, 4, 0.04),
(33, 14, 0.003),
(34, 31, 0.3),
(34, 21, 0.1),
(34, 22, 0.1),
(34, 20, 0.05),
(34, 24, 0.1),
(34, 38, 0.2),
(34, 4, 0.03),
(34, 3, 0.005),
(35, 33, 0.1),
(35, 34, 0.1),
(35, 57, 0.1),
(35, 2, 0.1),
(35, 3, 0.003),
(35, 12, 1),
(36, 38, 0.3),
(36, 4, 0.02),
(36, 3, 0.003),
(37, 36, 0.1),
(37, 37, 0.1),
(37, 42, 0.1),
(37, 4, 0.03),
(37, 3, 0.002),
(38, 39, 0.1),
(38, 40, 0.05),
(38, 21, 0.05),
(38, 4, 0.02),
(38, 3, 0.002),
(39, 15, 0.2),
(39, 5, 0.01),
(39, 4, 0.02),
(39, 23, 0.03),
(40, 38, 0.3),
(40, 4, 0.1),
(40, 3, 0.003),
(41, 43, 0.3),
(41, 5, 0.01),
(41, 4, 0.03),
(41, 14, 0.002),
(41, 3, 0.002),
(42, 36, 0.3),
(42, 40, 0.1),
(42, 5, 0.01),
(42, 6, 0.01),
(42, 4, 0.05),
(42, 3, 0.003),
(43, 38, 0.4),
(43, 26, 0.1),
(43, 25, 0.05),
(43, 3, 0.003),
(43, 13, 0.001),
(44, 46, 0.5),
(44, 5, 0.02),
(44, 6, 0.01),
(44, 4, 0.04),
(44, 2, 0.02),
(45, 29, 0.25),
(45, 12, 4),
(45, 28, 0.1),
(45, 30, 0.05),
(45, 50, 0.05),
(46, 27, 0.25),
(46, 26, 0.1),
(46, 28, 0.08),
(46, 53, 0.005),
(47, 12, 3),
(47, 28, 0.15),
(47, 2, 0.2),
(47, 25, 0.1),
(47, 47, 0.5),
(48, 26, 0.25),
(48, 27, 0.25),
(48, 12, 6),
(48, 28, 0.15),
(48, 53, 0.005),
(48, 49, 0.05),
(49, 29, 0.5),
(49, 28, 0.15),
(49, 27, 0.1),
(49, 12, 2),
(49, 25, 0.05),
(50, 2, 0.2),
(50, 28, 0.15),
(50, 7, 0.3),
(50, 50, 0.05),
(50, 24, 0.05),
(51, 2, 0.2),
(51, 12, 3),
(51, 25, 0.1),
(51, 28, 0.15),
(51, 62, 0.1),
(52, 2, 0.3),
(52, 25, 0.1),
(52, 7, 0.2),
(52, 28, 0.1),
(52, 52, 0.005),
(53, 2, 0.1),
(53, 12, 4),
(53, 25, 0.1),
(53, 26, 0.1),
(53, 27, 0.2),
(53, 50, 0.1),
(54, 2, 0.2),
(54, 28, 0.1),
(54, 25, 0.1),
(54, 12, 2),
(54, 26, 0.2),
(54, 47, 0.3),
(55, 50, 0.2),
(55, 25, 0.1),
(55, 28, 0.15),
(55, 12, 4),
(55, 2, 0.1);

-- Dati generati per la tabella menu_fisso
INSERT INTO `menu_fisso` (`nome`, `prezzo`, `descrizione`) VALUES
('Menu Degustazione', 35.0, 'Un percorso gastronomico che vi fara scoprire i sapori della nostra tradizione'),
('Menu di Terra', 30.0, 'Una selezione di piatti a base di carne e prodotti dell orto'),
('Menu di Mare', 40.0, 'I migliori sapori del mare mediterraneo'),
('Menu Vegetariano', 25.0, 'Piatti gustosi preparati solo con ingredienti vegetali'),
('Menu Bambini', 15.0, 'Piatti semplici adatti ai piu piccoli');

-- Dati generati per la tabella composizione_menu
INSERT INTO `composizione_menu` (`id_menu`, `id_pietanza`) VALUES
(1, 1),
(1, 11),
(1, 21),
(1, 31),
(1, 41),
(2, 2),
(2, 12),
(2, 22),
(2, 32),
(2, 42),
(3, 8),
(3, 17),
(3, 23),
(3, 33),
(3, 43),
(4, 4),
(4, 16),
(4, 31),
(4, 33),
(4, 44),
(5, 10),
(5, 15),
(5, 36),
(5, 45);

SET FOREIGN_KEY_CHECKS = 1;
