-- File generato automaticamente da generate_sample_data.py
-- Data generazione: 2025-06-17 16:31:35

SET FOREIGN_KEY_CHECKS = 0;

-- Dati generati per la tabella ristorante
INSERT INTO `ristorante` (`nome`, `numero_tavoli`, `costo_coperto`) VALUES
('La Dolce Vita', 15, 2.5);

-- Dati generati per la tabella tavolo
INSERT INTO `tavolo` (`max_posti`, `stato`, `id_ristorante`) VALUES
(6, 'libero', 1),
(4, 'libero', 1),
(2, 'libero', 1),
(4, 'libero', 1),
(4, 'libero', 1),
(6, 'libero', 1),
(4, 'libero', 1),
(4, 'libero', 1),
(4, 'libero', 1),
(8, 'libero', 1),
(8, 'libero', 1),
(2, 'libero', 1),
(8, 'libero', 1),
(2, 'libero', 1),
(2, 'libero', 1);

-- Dati generati per la tabella ingrediente
INSERT INTO `ingrediente` (`nome`, `quantita_disponibile`, `unita_misura`, `soglia_riordino`) VALUES
('Pomodoro', 0.0, 'kg', 10.0),
('Farina', 0.0, 'kg', 5.0),
('Sale', 0.0, 'kg', 1.0),
('Olio d oliva', 10.0, 'litri', 2.0),
('Aglio', 3.0, 'kg', 0.5),
('Basilico', 20.0, 'mazzetti', 5.0),
('Mozzarella', 15.0, 'kg', 3.0),
('Parmigiano', 10.0, 'kg', 2.0),
('Pecorino', 8.0, 'kg', 1.5),
('Guanciale', 5.0, 'kg', 1.0),
('Pancetta', 5.0, 'kg', 1.0),
('Uova', 100.0, 'unita', 20.0),
('Pepe nero', 2.0, 'kg', 0.3),
('Peperoncino', 1.0, 'kg', 0.2),
('Funghi porcini', 8.0, 'kg', 1.5),
('Riso Carnaroli', 15.0, 'kg', 3.0),
('Pasta all uovo', 10.0, 'kg', 2.0),
('Pasta di semola', 20.0, 'kg', 4.0),
('Carne macinata', 15.0, 'kg', 3.0),
('Sedano', 5.0, 'kg', 1.0),
('Carote', 8.0, 'kg', 1.5),
('Cipolla', 10.0, 'kg', 2.0),
('Vino bianco', 15.0, 'litri', 3.0),
('Vino rosso', 15.0, 'litri', 3.0),
('Burro', 5.0, 'kg', 1.0),
('Latte', 10.0, 'litri', 2.0),
('Panna', 5.0, 'litri', 1.0),
('Zucchero', 8.0, 'kg', 1.5),
('Mascarpone', 5.0, 'kg', 1.0),
('Caffe', 3.0, 'kg', 0.5),
('Filetto di manzo', 10.0, 'kg', 2.0),
('Bistecca', 15.0, 'kg', 3.0),
('Branzino', 8.0, 'kg', 1.5),
('Calamari', 7.0, 'kg', 1.2),
('Gamberi', 6.0, 'kg', 1.0),
('Melanzane', 12.0, 'kg', 2.5),
('Zucchine', 12.0, 'kg', 2.5),
('Patate', 25.0, 'kg', 5.0),
('Insalata', 10.0, 'kg', 2.0),
('Pomodorini', 10.0, 'kg', 2.0),
('Rucola', 5.0, 'kg', 1.0),
('Peperoni', 10.0, 'kg', 2.0),
('Fagiolini', 8.0, 'kg', 1.5),
('Cavolfiore', 6.0, 'kg', 1.0),
('Broccoli', 6.0, 'kg', 1.0),
('Carciofi', 5.0, 'kg', 1.0),
('Frutta di stagione', 20.0, 'kg', 4.0),
('Gelato', 10.0, 'kg', 2.0),
('Cioccolato', 5.0, 'kg', 1.0),
('Noci', 3.0, 'kg', 0.5),
('Mandorle', 3.0, 'kg', 0.5),
('Pistacchi', 3.0, 'kg', 0.5),
('Vaniglia', 1.0, 'kg', 0.2),
('Limoni', 10.0, 'kg', 2.0),
('Arance', 10.0, 'kg', 2.0),
('Cozze', 8.0, 'kg', 1.5),
('Vongole', 8.0, 'kg', 1.5),
('Sgombro', 6.0, 'kg', 1.0),
('Tonno fresco', 7.0, 'kg', 1.2),
('Salmone', 7.0, 'kg', 1.2),
('Pollo', 15.0, 'kg', 3.0),
('Coniglio', 10.0, 'kg', 2.0),
('Stinco di maiale', 12.0, 'kg', 2.5),
('Salsiccia', 10.0, 'kg', 2.0),
('Rum', 5.0, 'litri', 1.0),
('Friarielli', 8.0, 'kg', 1.5),
('Olive', 5.0, 'kg', 1.0),
('Pinoli', 2.0, 'kg', 0.5),
('Frutta fresca', 20.0, 'kg', 2.0);

-- Dati generati per la tabella categoria_pietanza
INSERT INTO `categoria_pietanza` (`nome`) VALUES
('Antipasti'),
('Primi'),
('Secondi'),
('Contorni'),
('Insalate'),
('Dolci'),
('Bevande');

-- Dati generati per la tabella pietanza
INSERT INTO `pietanza` (`nome`, `prezzo`, `id_categoria`, `disponibile`) VALUES
('Bruschetta pomodoro e basilico', 6.58, 1, 1),
('Antipasto misto', 11.15, 1, 1),
('Burrata con pomodorini', 7.68, 1, 1),
('Carpaccio di manzo', 6.0, 1, 1),
('Insalata caprese', 9.05, 1, 1),
('Insalata di mare', 8.11, 1, 1),
('Risotto ai funghi porcini', 10.76, 2, 1),
('Lasagne alla bolognese', 10.03, 2, 1),
('Tagliatelle al ragu', 13.56, 2, 1),
('Penne all arrabbiata', 11.66, 2, 1),
('Ravioli ricotta e spinaci', 13.09, 2, 1),
('Orecchiette alle cime di rapa', 11.58, 2, 1),
('Fettuccine Alfredo', 10.17, 2, 1),
('Linguine allo scoglio', 11.35, 2, 1),
('Tagliata di manzo', 18.78, 3, 1),
('Filetto di branzino', 21.65, 3, 1),
('Cotoletta alla milanese', 15.8, 3, 1),
('Scaloppine al limone', 20.69, 3, 1),
('Polpo alla griglia', 17.73, 3, 1),
('Arrosto di vitello', 19.63, 3, 1),
('Ossobuco alla milanese', 19.7, 3, 1),
('Salsiccia e friarielli', 15.79, 3, 1),
('Frittura di pesce', 14.9, 3, 1),
('Parmigiana di melanzane', 18.86, 3, 1),
('Patate al forno', 6.47, 4, 1),
('Verdure grigliate', 4.34, 4, 1),
('Insalata mista', 4.3, 4, 1),
('Funghi trifolati', 6.33, 4, 1),
('Patatine fritte', 6.15, 4, 1),
('Friarielli', 6.12, 4, 1),
('Melanzane a funghetto', 6.27, 4, 1),
('Pure di patate', 6.58, 4, 1),
('Tiramisu', 7.95, 6, 1),
('Panna cotta', 5.21, 6, 1),
('Cannolo siciliano', 5.5, 6, 1),
('Baba al rum', 7.36, 6, 1),
('Sfogliatella', 6.78, 6, 1),
('Crostata di frutta', 7.08, 6, 1),
('Torta al cioccolato', 5.19, 6, 1),
('Tagliata di frutta', 5.62, 6, 1),
('Acqua naturale', 2.29, 7, 1),
('Acqua frizzante', 2.94, 7, 1),
('Coca Cola', 4.97, 7, 1),
('Aranciata', 2.61, 7, 1),
('Vino rosso della casa', 2.89, 7, 1),
('Vino bianco della casa', 4.97, 7, 1),
('Birra alla spina', 4.68, 7, 1),
('Sprite', 4.79, 7, 1),
('Caffe', 3.8, 7, 1),
('Amaro', 4.91, 7, 1),
('Limoncello', 3.3, 7, 1),
('Grappa', 2.6, 7, 1),
('Prosecco', 3.49, 7, 1),
('Vino rosato della casa', 2.42, 7, 1);

-- Dati generati per la tabella menu
INSERT INTO `menu` (`id_ristorante`, `id_pietanza`) VALUES
(1, 1),
(1, 2),
(1, 3),
(1, 4),
(1, 5),
(1, 6),
(1, 7),
(1, 8),
(1, 9),
(1, 10),
(1, 11),
(1, 12),
(1, 13),
(1, 14),
(1, 15),
(1, 16),
(1, 17),
(1, 18),
(1, 19),
(1, 20),
(1, 21),
(1, 22),
(1, 23),
(1, 24),
(1, 25),
(1, 26),
(1, 27),
(1, 28),
(1, 29),
(1, 30),
(1, 31),
(1, 32),
(1, 33),
(1, 34),
(1, 35),
(1, 36),
(1, 37),
(1, 38),
(1, 39),
(1, 40),
(1, 41),
(1, 42),
(1, 43),
(1, 44),
(1, 45),
(1, 46),
(1, 47),
(1, 48),
(1, 49),
(1, 50),
(1, 51),
(1, 52),
(1, 53),
(1, 54);

-- Dati generati per la tabella ricetta
INSERT INTO `ricetta` (`nome`, `descrizione`, `id_pietanza`, `tempo_preparazione`, `istruzioni`) VALUES
('Bruschetta pomodoro e basilico', 'Fette di pane casereccio tostate e condite con pomodoro fresco, basilico e olio d oliva', 1, 10, 'Tagliare il pane a fette, tostarlo, strofinare con aglio, condire con pomodoro fresco a cubetti, basilico, sale e olio extravergine d oliva.'),
('Antipasto misto', 'Selezione di salumi e formaggi italiani con sottoli', 2, 15, 'Disporre su un tagliere i vari affettati, formaggi e verdure sott olio in modo armonioso.'),
('Burrata con pomodorini', 'Burrata fresca servita con pomodorini e basilico', 3, 5, 'Disporre la burrata al centro del piatto, contornare con pomodorini tagliati a meta, condire con sale, pepe, basilico e olio.'),
('Carpaccio di manzo', 'Fettine sottilissime di manzo crudo condite con rucola, scaglie di grana e olio', 4, 15, 'Affettare finemente il filetto di manzo, disporlo sul piatto, condire con sale, pepe, succo di limone, olio, rucola e scaglie di parmigiano.'),
('Insalata caprese', 'Mozzarella e pomodoro conditi con basilico e olio extravergine d oliva', 5, 5, 'Tagliare a fette pomodoro e mozzarella, alternarle sul piatto, condire con basilico, sale e olio extravergine d oliva.'),
('Insalata di mare', 'Mix di frutti di mare conditi con olio, limone e prezzemolo', 6, 30, 'Lessare i frutti di mare, sgusciarli, condire con olio extravergine, limone, prezzemolo e un pizzico di pepe.'),
('Risotto ai funghi porcini', 'Ricetta cremosa con funghi porcini', 7, 25, 'Tostare il riso, sfumare con vino bianco, aggiungere i funghi e il brodo caldo poco alla volta.'),
('Lasagne alla bolognese', 'Classico primo piatto della tradizione', 8, 90, 'Preparare ragu, besciamella, assemblare gli strati e cuocere in forno.'),
('Tagliatelle al ragu', 'Pasta all uovo condita con ragu di carne', 9, 60, 'Preparare il soffritto, rosolare la carne macinata, aggiungere pomodoro e cuocere lentamente per circa 2 ore. Condire la pasta cotta al dente.'),
('Penne all arrabbiata', 'Pasta con salsa di pomodoro piccante', 10, 20, 'Soffriggere aglio e peperoncino, aggiungere pomodoro e cuocere per 15 minuti. Condire la pasta con la salsa e prezzemolo fresco.'),
('Ravioli ricotta e spinaci', 'Pasta ripiena fatta in casa con ricotta e spinaci', 11, 60, 'Preparare la pasta all uovo, il ripieno con ricotta e spinaci, assemblare i ravioli e cuocerli in acqua bollente. Condire con burro fuso e salvia.'),
('Orecchiette alle cime di rapa', 'Pasta tipica pugliese con cime di rapa', 12, 30, 'Cuocere le cime di rapa in acqua, aggiungere la pasta a meta cottura, scolare e saltare in padella con aglio, olio e peperoncino.'),
('Fettuccine Alfredo', 'Pasta all uovo condita con burro e parmigiano', 13, 15, 'Cuocere la pasta, scolarla, mantecarla con burro e parmigiano fino a ottenere una crema liscia e vellutata.'),
('Linguine allo scoglio', 'Pasta con frutti di mare e pomodorini', 14, 30, 'Rosolare aglio in olio, aggiungere i frutti di mare, sfumare con vino bianco, aggiungere pomodorini e prezzemolo, unire la pasta cotta al dente.'),
('Tagliata di manzo', 'Carne pregiata servita su letto di rucola', 15, 15, 'Cuocere la carne sulla griglia, condire con sale, pepe e un filo d olio.'),
('Filetto di branzino', 'Pesce fresco al forno con erbe', 16, 25, 'Pulire il pesce, condirlo con erbe aromatiche, cuocere al forno.'),
('Cotoletta alla milanese', 'Costoletta di vitello impanata e fritta', 17, 20, 'Battere la carne, passarla nell uovo sbattuto e nel pangrattato, friggere in abbondante burro chiarificato.'),
('Scaloppine al limone', 'Fettine di vitello cotte con succo di limone', 18, 20, 'Infarinare le fettine di carne, rosolarle nel burro, sfumare con vino bianco, aggiungere succo di limone e cuocere brevemente.'),
('Polpo alla griglia', 'Tentacoli di polpo grigliati e conditi', 19, 60, 'Lessare il polpo in acqua con alloro per circa 40 minuti, tagliare i tentacoli e grigliarli, condire con olio, limone e prezzemolo.'),
('Arrosto di vitello', 'Arrosto di vitello con patate e verdure', 20, 90, 'Rosolare la carne su tutti i lati, aggiungere le verdure, sfumare con vino bianco, cuocere in forno a 180°C per circa un ora.'),
('Ossobuco alla milanese', 'Ossobuco di vitello con risotto allo zafferano', 21, 120, 'Infarinare gli ossibuchi, rosolarli in burro e olio, sfumare con vino bianco, aggiungere brodo e cuocere a fuoco basso per circa 2 ore.'),
('Salsiccia e friarielli', 'Piatto tipico napoletano con salsicce e friarielli saltati', 22, 40, 'Cuocere le salsicce in padella, a parte saltare i friarielli con aglio, olio e peperoncino, unire e servire.'),
('Frittura di pesce', 'Mix di pesce e frutti di mare fritti in pastella', 23, 25, 'Preparare una pastella con farina, acqua e un pizzico di sale, immergere i pezzi di pesce e frutti di mare, friggere in olio bollente.'),
('Parmigiana di melanzane', 'Melanzane fritte a strati con pomodoro, mozzarella e parmigiano', 24, 60, 'Tagliare le melanzane a fette, friggerle, preparare un sugo di pomodoro, alternare strati di melanzane, sugo, mozzarella e parmigiano, infornare.'),
('Patate al forno', 'Patate croccanti con rosmarino', 25, 40, 'Tagliare le patate a spicchi, condire con sale, rosmarino e olio, cuocere in forno a 200°C per circa 35-40 minuti.'),
('Verdure grigliate', 'Mix di verdure di stagione alla griglia', 26, 20, 'Tagliare le verdure a fette, spennellarle con olio, grigliarle su entrambi i lati, condire con sale e olio a crudo.'),
('Insalata mista', 'Mix di insalata fresca con pomodorini e carote', 27, 10, 'Lavare e tagliare l insalata, aggiungere pomodorini tagliati a meta e carote a julienne, condire con sale, olio e aceto balsamico.'),
('Funghi trifolati', 'Funghi saltati con aglio, prezzemolo e vino bianco', 28, 20, 'Pulire i funghi, rosolare l aglio in olio, aggiungere i funghi, sfumare con vino bianco, completare con prezzemolo tritato.'),
('Patatine fritte', 'Patate tagliate a bastoncino e fritte', 29, 15, 'Tagliare le patate a bastoncino, asciugarle bene, friggere in olio bollente fino a doratura, scolare e salare.'),
('Friarielli', 'Cime di rapa saltate in padella', 30, 20, 'Pulire i friarielli, sbollentarli brevemente, saltarli in padella con aglio, olio e peperoncino.'),
('Melanzane a funghetto', 'Melanzane tagliate a cubetti e saltate in padella', 31, 25, 'Tagliare le melanzane a cubetti, friggerle leggermente, scolarle e saltarle in padella con pomodorini, aglio e basilico.'),
('Pure di patate', 'Crema di patate con latte e burro', 32, 30, 'Lessare le patate, passarle, aggiungere latte caldo, burro, sale, pepe e noce moscata.'),
('Tiramisu', 'Dolce al cucchiaio con mascarpone, uova e caffe', 33, 30, 'Montare tuorli con zucchero, unire mascarpone, incorporare albumi montati a neve, alternare strati di crema e savoiardi inzuppati nel caffe, spolverare con cacao.'),
('Panna cotta', 'Dolce a base di panna, latte e gelatina', 34, 20, 'Scaldare panna e latte con zucchero e vaniglia, aggiungere gelatina ammorbidita, versare negli stampi e far raffreddare in frigo.'),
('Cannolo siciliano', 'Dolce tipico siciliano con croccante cialda e ripieno di ricotta', 35, 60, 'Preparare la cialda con farina, zucchero, vino e strutto, formare i cannoli e friggerli. Lavorare la ricotta con zucchero, canditi e cioccolato, riempire i cannoli.'),
('Baba al rum', 'Soffice dolce lievitato imbevuto di sciroppo al rum', 36, 180, 'Preparare un impasto con farina, lievito, burro e uova, farlo lievitare, cuocerlo negli appositi stampi e inzupparlo nel sciroppo al rum.'),
('Sfogliatella', 'Dolce napoletano di pasta sfoglia ripieno di ricotta e canditi', 37, 120, 'Preparare la sfoglia, il ripieno con ricotta, semolino, canditi e aromi, assemblare le sfogliatelle e cuocere in forno.'),
('Crostata di frutta', 'Base di pasta frolla con crema e frutta fresca', 38, 60, 'Preparare e cuocere la pasta frolla, stendere uno strato di crema pasticcera, decorare con frutta fresca di stagione e lucidare con gelatina.'),
('Torta al cioccolato', 'Soffice torta al cioccolato fondente', 39, 50, 'Fondere il cioccolato con il burro, unire zucchero e uova, aggiungere la farina e cuocere in forno a 180°C per 30-35 minuti.'),
('Tagliata di frutta', 'Selezione di frutta fresca di stagione', 40, 5, 'Lavare e tagliare la frutta a pezzi, disporla su un piatto da portata, servire fresca.');

-- Dati generati per la tabella ricetta_ingrediente
INSERT INTO `ricetta_ingrediente` (`id_ricetta`, `id_ingrediente`, `quantita`) VALUES
(1, 1, 0.1),
(1, 4, 0.02),
(1, 5, 0.005),
(1, 6, 0.01),
(2, 10, 0.05),
(2, 11, 0.05),
(2, 7, 0.05),
(2, 8, 0.03),
(2, 46, 0.05),
(3, 7, 0.15),
(3, 40, 0.1),
(3, 6, 0.01),
(3, 4, 0.02),
(3, 3, 0.002),
(4, 31, 0.08),
(4, 4, 0.01),
(4, 8, 0.02),
(4, 41, 0.01),
(4, 13, 0.001),
(4, 54, 0.01),
(5, 1, 0.15),
(5, 7, 0.1),
(5, 6, 0.01),
(5, 4, 0.02),
(5, 3, 0.002),
(6, 35, 0.1),
(6, 34, 0.1),
(6, 56, 0.1),
(6, 57, 0.1),
(6, 4, 0.02),
(6, 54, 0.01),
(6, 13, 0.001),
(7, 17, 0.08),
(7, 15, 0.1),
(7, 23, 0.05),
(7, 8, 0.03),
(7, 25, 0.02),
(8, 17, 0.5),
(8, 19, 0.3),
(8, 1, 0.2),
(8, 8, 0.1),
(8, 26, 0.2),
(8, 25, 0.05),
(9, 17, 0.1),
(9, 19, 0.15),
(9, 1, 0.15),
(9, 20, 0.03),
(9, 21, 0.03),
(9, 22, 0.03),
(9, 24, 0.05),
(10, 18, 0.1),
(10, 1, 0.2),
(10, 5, 0.01),
(10, 14, 0.005),
(10, 4, 0.03),
(11, 17, 0.2),
(11, 12, 2),
(11, 7, 0.2),
(11, 42, 0.15),
(11, 25, 0.05),
(11, 3, 0.005),
(12, 18, 0.1),
(12, 43, 0.3),
(12, 5, 0.01),
(12, 14, 0.002),
(12, 4, 0.04),
(13, 17, 0.1),
(13, 25, 0.1),
(13, 8, 0.1),
(13, 3, 0.002),
(13, 13, 0.001),
(14, 18, 0.1),
(14, 5, 0.01),
(14, 4, 0.03),
(14, 23, 0.05),
(14, 40, 0.1),
(14, 56, 0.1),
(14, 57, 0.1),
(15, 31, 0.2),
(15, 4, 0.01),
(15, 13, 0.002),
(15, 41, 0.02),
(16, 33, 0.25),
(16, 4, 0.02),
(16, 23, 0.05),
(17, 32, 0.2),
(17, 12, 1),
(17, 2, 0.05),
(17, 25, 0.05),
(18, 31, 0.2),
(18, 2, 0.03),
(18, 25, 0.03),
(18, 23, 0.05),
(18, 54, 0.1),
(19, 34, 0.3),
(19, 4, 0.03),
(19, 54, 0.05),
(19, 3, 0.003),
(20, 32, 0.5),
(20, 38, 0.2),
(20, 21, 0.1),
(20, 22, 0.1),
(20, 20, 0.1),
(20, 23, 0.1),
(20, 4, 0.05),
(20, 3, 0.005),
(21, 32, 0.4),
(21, 2, 0.05),
(21, 25, 0.03),
(21, 4, 0.02),
(21, 23, 0.1),
(21, 22, 0.05),
(21, 21, 0.05),
(21, 20, 0.05),
(22, 61, 0.3),
(22, 43, 0.3),
(22, 5, 0.02),
(22, 4, 0.04),
(22, 14, 0.003),
(23, 33, 0.1),
(23, 34, 0.1),
(23, 57, 0.1),
(23, 2, 0.1),
(23, 3, 0.003),
(23, 12, 1),
(24, 36, 0.5),
(24, 1, 0.2),
(24, 7, 0.15),
(24, 8, 0.05),
(24, 4, 0.1),
(25, 38, 0.3),
(25, 4, 0.02),
(25, 3, 0.003),
(26, 36, 0.1),
(26, 37, 0.1),
(26, 42, 0.1),
(26, 4, 0.03),
(26, 3, 0.002),
(27, 39, 0.1),
(27, 40, 0.05),
(27, 21, 0.05),
(27, 4, 0.02),
(27, 3, 0.002),
(28, 15, 0.2),
(28, 5, 0.01),
(28, 4, 0.02),
(28, 23, 0.03),
(29, 38, 0.3),
(29, 4, 0.1),
(29, 3, 0.003),
(30, 43, 0.3),
(30, 5, 0.01),
(30, 4, 0.03),
(30, 14, 0.002),
(30, 3, 0.002),
(31, 36, 0.3),
(31, 40, 0.1),
(31, 5, 0.01),
(31, 6, 0.01),
(31, 4, 0.05),
(31, 3, 0.003),
(32, 38, 0.4),
(32, 26, 0.1),
(32, 25, 0.05),
(32, 3, 0.003),
(32, 13, 0.001),
(33, 29, 0.25),
(33, 12, 4),
(33, 28, 0.1),
(33, 30, 0.05),
(33, 50, 0.05),
(34, 27, 0.25),
(34, 26, 0.1),
(34, 28, 0.08),
(34, 53, 0.005),
(35, 2, 0.2),
(35, 28, 0.15),
(35, 7, 0.3),
(35, 50, 0.05),
(35, 24, 0.05),
(36, 2, 0.2),
(36, 12, 3),
(36, 25, 0.1),
(36, 28, 0.15),
(36, 62, 0.1),
(37, 2, 0.3),
(37, 25, 0.1),
(37, 7, 0.2),
(37, 28, 0.1),
(37, 52, 0.005),
(38, 2, 0.2),
(38, 28, 0.1),
(38, 25, 0.1),
(38, 12, 2),
(38, 26, 0.2),
(38, 47, 0.3),
(39, 50, 0.2),
(39, 25, 0.1),
(39, 28, 0.15),
(39, 12, 4),
(39, 2, 0.1),
(40, 69, 0.5);

-- Dati generati per la tabella menu_fisso
INSERT INTO `menu_fisso` (`nome`, `prezzo`, `descrizione`) VALUES
('Menu Degustazione', 35.0, 'Un percorso gastronomico che vi fara scoprire i sapori della nostra tradizione'),
('Menu di Terra', 30.0, 'Una selezione di piatti a base di carne e prodotti dell orto'),
('Menu di Mare', 40.0, 'I migliori sapori del mare mediterraneo'),
('Menu Vegetariano', 25.0, 'Piatti gustosi preparati solo con ingredienti vegetali'),
('Menu Bambini', 15.0, 'Piatti semplici adatti ai piu piccoli');

-- Dati generati per la tabella composizione_menu
INSERT INTO `composizione_menu` (`id_menu`, `id_pietanza`) VALUES
(1, 3),
(1, 7),
(1, 9),
(1, 15),
(1, 25),
(1, 33),
(1, 40),
(2, 4),
(2, 9),
(2, 20),
(2, 26),
(2, 38),
(2, 40),
(3, 6),
(3, 14),
(3, 16),
(3, 27),
(3, 34),
(3, 40),
(4, 5),
(4, 11),
(4, 24),
(4, 28),
(4, 38),
(4, 40),
(5, 1),
(5, 10),
(5, 17),
(5, 29),
(5, 39),
(5, 40);

SET FOREIGN_KEY_CHECKS = 1;
